<?xml version="1.0" encoding="UTF-8"?>
<project-private xmlns="http://www.netbeans.org/ns/project-private/1">
    <editor-bookmarks xmlns="http://www.netbeans.org/ns/editor-bookmarks/2" lastBookmarkId="0"/>
    <open-files xmlns="http://www.netbeans.org/ns/projectui-open-files/2">
        <group>
            <file>file:/C:/Users/kamlesh/Documents/NetBeansProjects/Bus%20Management/src/bus/management/BusManagement.java</file>
            <file>file:/C:/Users/kamlesh/Documents/NetBeansProjects/Bus%20Management/src/bus/management/AdminControlPanel.java</file>
            <file>file:/C:/Users/kamlesh/Documents/NetBeansProjects/Bus%20Management/src/bus/management/UserLogin.java</file>
            <file>file:/C:/Users/kamlesh/Documents/NetBeansProjects/Bus%20Management/src/bus/management/AddBooking.java</file>
            <file>file:/C:/Users/kamlesh/Documents/NetBeansProjects/Bus%20Management/src/bus/management/DbUtils.java</file>
            <file>file:/C:/Users/kamlesh/Documents/NetBeansProjects/Bus%20Management/src/bus/management/AdminLogin.java</file>
            <file>file:/C:/Users/kamlesh/Documents/NetBeansProjects/Bus%20Management/src/bus/management/UserControlPanel.java</file>
            <file>file:/C:/Users/kamlesh/Documents/NetBeansProjects/Bus%20Management/src/bus/management/AssignBus.java</file>
            <file>file:/C:/Users/kamlesh/Documents/NetBeansProjects/Bus%20Management/src/bus/management/MainScreen.java</file>
            <file>file:/C:/Users/kamlesh/Documents/NetBeansProjects/Bus%20Management/src/bus/management/AddBusDetails.java</file>
            <file>file:/C:/Users/kamlesh/Documents/NetBeansProjects/Bus%20Management/src/bus/management/NewUser.java</file>
            <file>file:/C:/Users/kamlesh/Documents/NetBeansProjects/Bus%20Management/src/bus/management/AllBusDetails.java</file>
        </group>
    </open-files>
</project-private>
